{
  "defaultAssembly": "MyCompany.ProofOfConcepts.AutofacStrategyPatternExample.SecretRetrieval.BusinessLogic",
  "components": [
    {
      "type": "MyCompany.ProofOfConcepts.AutofacStrategyPatternExample.SecretRetrieval.BusinessLogic.Shippers.FedExShipper",
      "services": [
        {
          "type": "MyCompany.ProofOfConcepts.AutofacStrategyPatternExample.SecretRetrieval.BusinessLogic.Shippers.Interfaces.IShipper"
        }
      ],
      "injectProperties": true
    },
    {
      "type": "MyCompany.ProofOfConcepts.AutofacStrategyPatternExample.SecretRetrieval.BusinessLogic.Shippers.UpsShipper",
      "services": [
        {
          "type": "MyCompany.ProofOfConcepts.AutofacStrategyPatternExample.SecretRetrieval.BusinessLogic.Shippers.Interfaces.IShipper"
        }
      ],
      "injectProperties": true
    },
    {
      "type": "MyCompany.ProofOfConcepts.AutofacStrategyPatternExample.SecretRetrieval.BusinessLogic.Shippers.UspsShipper",
      "services": [
        {
          "type": "MyCompany.ProofOfConcepts.AutofacStrategyPatternExample.SecretRetrieval.BusinessLogic.Shippers.Interfaces.IShipper"
        }
      ],
      "injectProperties": true
    },
    {
      "type": "MyCompany.ProofOfConcepts.AutofacStrategyPatternExample.SecretRetrieval.BusinessLogic.Processors.OrderProcessor",
      "services": [
        {
          "type": "MyCompany.ProofOfConcepts.AutofacStrategyPatternExample.SecretRetrieval.BusinessLogic.Processors.Interfaces.IOrderProcessor"
        }
      ]
    }
  ]
}