<ChaseRequest dtGenerated="Thursday, April 23, 2015 12:16:08 AM">
  <Vendor id="DEDE7D6A-0AEA-409D-925B-AD5F5C7CFF60" />
  <Request id="94CAC64F-795D-4C42-AE8C-2FF2401BCBA1" />
  <Chases>
    <Chase id="192175510">
      <PracticeId>10102</PracticeId>
	  <AccountId>1006</AccountId>
	  <RequestingCompany>Some Company</RequestingCompany>
      <PatientData>
        <PatientId />
        <FirstName><![CDATA[Neal Anthony]]></FirstName>
        <LastName>Hurley</LastName>
        <Gender>Male</Gender>
        <Zip>27511</Zip>
        <DOB>7/20/2021</DOB>
		<PatientConsent><![CDATA[381bdebc-4dc4-4509-8719-5e492b478220]]></PatientConsent>
      </PatientData>
      <DateOfServiceRange>
        <StartDate>1/01/2012</StartDate>
        <EndDate>12/31/2015</EndDate>
      </DateOfServiceRange>
    </Chase>
    <Chase id="192175511">
      <PracticeId>10102</PracticeId>
	  <AccountId>1006</AccountId>
      <PatientData>
        <PatientId />
        <FirstName>Allscripts</FirstName>
        <LastName><![CDATA[Test]]></LastName>
        <Gender>Male</Gender>
        <Zip>20020</Zip>
        <DOB>01/1/1991</DOB>
      </PatientData>
      <DateOfServiceRange>
        <StartDate><![CDATA[01/01/2012]]></StartDate>
        <EndDate>12/31/2015</EndDate>
      </DateOfServiceRange>
    </Chase>
    <Chase id="192175512">
      <PracticeId>10102</PracticeId>
      <PatientData>
        <PatientId />
        <FirstName>William</FirstName>
        <LastName>Taylor</LastName>
        <Gender>Male</Gender>
        <Zip>27605</Zip>
        <DOB>11/26/2010</DOB>
      </PatientData>
      <DateOfServiceRange>
        <StartDate>1/1/2012</StartDate>
        <EndDate>12/31/2015</EndDate>
      </DateOfServiceRange>
    </Chase>
    <Chase id="192175513">
      <PracticeId>10102</PracticeId>
	  <AccountId>1011</AccountId>
      <PatientData>
        <PatientId />
        <FirstName>Patient One</FirstName>
        <LastName>Vitals</LastName>
        <Gender>Female</Gender>
        <Zip>27615</Zip>
        <DOB>01/01/1981</DOB>
		<PatientConsent>11682c27-efab-4ba1-8dc1-a13e45bd6425</PatientConsent>
      </PatientData>
      <DateOfServiceRange>
        <StartDate>01/01/2012</StartDate>
        <EndDate>12/31/2015</EndDate>
      </DateOfServiceRange>
    </Chase>
    <Chase id="192175514">
      <PracticeId>10102</PracticeId>
	  <AccountId>1006</AccountId>
      <PatientData>
        <PatientId />
        <FirstName>Patient Two</FirstName>
        <LastName>Vitals</LastName>
        <Gender>Male</Gender>
        <Zip>27615</Zip>
        <DOB>2/2/1982</DOB>
		<VariableTags>
			<Whatever>anything</Whatever>
			<Trouble>whatnot</Trouble>
		</VariableTags>
      </PatientData>
      <DateOfServiceRange>
        <StartDate>1/01/2012</StartDate>
        <EndDate>12/31/2015</EndDate>
      </DateOfServiceRange>
    </Chase>
    <Chase id="192175515">
      <PracticeId>10102</PracticeId>
      <PatientData>
        <PatientId />
        <FirstName>Patient One</FirstName>
        <LastName>Immunization</LastName>
        <Gender>Female</Gender>
        <Zip>27615</Zip>
        <DOB>01/01/1990</DOB>
      </PatientData>
      <DateOfServiceRange>
        <StartDate>01/1/2012</StartDate>
        <EndDate>12/31/2015</EndDate>
      </DateOfServiceRange>
    </Chase>
    <Chase id="192175516">
      <PracticeId>10102</PracticeId>
      <PatientData>
        <PatientId />
        <FirstName>Patient Two</FirstName>
        <LastName>Immunization</LastName>
        <Gender>Male</Gender>
        <Zip>27615</Zip>
        <DOB>2/2/1992</DOB>
      </PatientData>
      <DateOfServiceRange>
        <StartDate>01/1/2012</StartDate>
        <EndDate>12/31/2015</EndDate>
      </DateOfServiceRange>
    </Chase>
    <Chase id="202175517">
      <PracticeId>10102</PracticeId>
      <PatientData>
        <PatientId />
        <FirstName>Patient One</FirstName>
        <LastName>Procedure</LastName>
        <Gender>Female</Gender>
        <Zip>27615</Zip>
        <DOB>2/29/1980</DOB>
      </PatientData>
      <DateOfServiceRange>
        <StartDate>01/01/2012</StartDate>
        <EndDate>12/31/2015</EndDate>
      </DateOfServiceRange>
    </Chase>
    <Chase id="192175518">
      <PracticeId>10102</PracticeId>
      <PatientData>
       <PatientId />
        <FirstName>Patient Two</FirstName>
        <LastName>Procedure</LastName>
        <Gender>Male</Gender>
        <Zip>27615</Zip>
        <DOB>2/1/1980</DOB>
      </PatientData>
      <DateOfServiceRange>
        <StartDate>01/01/2012</StartDate>
        <EndDate>12/31/2015</EndDate>
      </DateOfServiceRange>
    </Chase>
    <Chase id="192175518">
      <PracticeId>10102</PracticeId>
      <PatientData>
        <PatientId />
        <FirstName>Allscript</FirstName>
        <LastName>Five</LastName>
        <Gender>Male</Gender>
        <Zip>64119</Zip>
        <DOB>07/08/1942</DOB>
      </PatientData>
      <DateOfServiceRange>
        <StartDate>2/03/2012</StartDate>
        <EndDate>12/31/2015</EndDate>
      </DateOfServiceRange>
    </Chase>
    <Chase id="192175520">
      <PracticeId>10102</PracticeId>
      <PatientData>
        <PatientId />
        <FirstName>FORTY</FirstName>
        <LastName>NINE</LastName>
        <Gender>Female</Gender>
        <Zip>00000</Zip>
        <DOB>9/4/2010</DOB>
      </PatientData>
      <DateOfServiceRange>
        <StartDate>01/01/2012</StartDate>
        <EndDate>12/31/2015</EndDate>
      </DateOfServiceRange>
    </Chase>
    <Chase id="192175521">
      <PracticeId>10102</PracticeId>
      <PatientData>
        <PatientId />
        <FirstName>John</FirstName>
        <LastName>PbHR</LastName>
        <Gender>Male</Gender>
        <Zip>27604</Zip>
        <DOB>1/1/1980</DOB>
      </PatientData>
      <DateOfServiceRange>
        <StartDate>1/1/2012</StartDate>
        <EndDate>12/31/2015</EndDate>
      </DateOfServiceRange>
    </Chase>
    <Chase id="192175522">
      <PracticeId>10102</PracticeId>
      <PatientData>
        <PatientId />
        <FirstName>Addendum4</FirstName>
        <LastName>Allscripts</LastName>
        <Gender>Male</Gender>
        <Zip>27615</Zip>
        <DOB>01/01/1980</DOB>
      </PatientData>
      <DateOfServiceRange>
        <StartDate>1/31/2012</StartDate>
        <EndDate>12/31/2015</EndDate>
      </DateOfServiceRange>
    </Chase>
    <Chase id="192175523">
      <PracticeId>10102</PracticeId>
      <PatientData>
        <PatientId />
        <FirstName>AddendumMed</FirstName>
        <LastName>Allscripts</LastName>
        <Gender>Female</Gender>
        <Zip>27615</Zip>
        <DOB>1/14/1975</DOB>
	  </PatientData>
      <DateOfServiceRange>
        <StartDate>1/1/2012</StartDate>
        <EndDate>12/31/2015</EndDate>
      </DateOfServiceRange>
    </Chase>
  </Chases>
</ChaseRequest>
