<?xml version="1.0" encoding="utf-8"?>
<ChaseRequestFile dtGenerated="Friday, December 06, 2013 9:41:37 AM">
  <Vendor id="DEDE7D6A-0AEA-409D-925B-AD5F5C7CFF60" />
  <Request id="3b6afdaa-e46b-4f54-818d-583310c1c235" />
  <Chases>
    <Chase id="1000000">
      <PracticeId>11111</PracticeId>
      <PatientData>
        <AllscriptsPatientId />
        <FirstName>Allison</FirstName>
        <LastName>Allscripts</LastName>
        <Gender>Female</Gender>
        <Zip>60654</Zip>
        <DOB>3/5/1973</DOB>
      </PatientData>
      <DateOfServiceRange>
        <StartDate>9/1/2012</StartDate>
        <EndDate>8/30/2013</EndDate>
      </DateOfServiceRange>
    </Chase>
    <Chase id="1000001">
      <PracticeId>11111</PracticeId>
      <PatientData>
        <AllscriptsPatientId />
        <FirstName>Amber</FirstName>
        <LastName>Allscripts</LastName>
        <Gender>Female</Gender>
        <Zip>60654</Zip>
        <DOB>8/27/2007</DOB>
      </PatientData>
      <DateOfServiceRange>
        <StartDate>9/1/2012</StartDate>
        <EndDate>8/30/2013</EndDate>
      </DateOfServiceRange>
    </Chase>
    <Chase id="1000002">
      <PracticeId>11111</PracticeId>
      <PatientData>
        <AllscriptsPatientId />
        <FirstName>Brad</FirstName>
        <LastName>Allscripts</LastName>
        <Gender>Male</Gender>
        <Zip>60654</Zip>
        <DOB>3/3/1983</DOB>
      </PatientData>
      <DateOfServiceRange>
        <StartDate>9/1/2012</StartDate>
        <EndDate>8/30/2013</EndDate>
      </DateOfServiceRange>
    </Chase>
    <Chase id="1000003">
      <PracticeId>11111</PracticeId>
      <PatientData>
        <AllscriptsPatientId />
        <FirstName>Cameron</FirstName>
        <LastName>Allscripts</LastName>
        <Gender>Female</Gender>
        <Zip>60654</Zip>
        <DOB>3/1/1988</DOB>
      </PatientData>
      <DateOfServiceRange>
        <StartDate>9/1/2012</StartDate>
        <EndDate>8/30/2013</EndDate>
      </DateOfServiceRange>
    </Chase>
    <Chase id="1000004">
      <PracticeId>11111</PracticeId>
      <PatientData>
        <AllscriptsPatientId />
        <FirstName>Chris</FirstName>
        <LastName>Allscripts</LastName>
        <Gender>Male</Gender>
        <Zip>60654</Zip>
        <DOB>2/26/2003</DOB>
      </PatientData>
      <DateOfServiceRange>
        <StartDate>9/1/2012</StartDate>
        <EndDate>8/30/2013</EndDate>
      </DateOfServiceRange>
    </Chase>
    <Chase id="1000005">
      <PracticeId>11111</PracticeId>
      <PatientData>
        <AllscriptsPatientId />
        <FirstName>Diana</FirstName>
        <LastName>Allscripts</LastName>
        <Gender>Female</Gender>
        <Zip>60654</Zip>
        <DOB>3/15/1933</DOB>
      </PatientData>
      <DateOfServiceRange>
        <StartDate>9/1/2012</StartDate>
        <EndDate>8/30/2013</EndDate>
      </DateOfServiceRange>
    </Chase>
    <Chase id="1000006">
      <PracticeId>11111</PracticeId>
      <PatientData>
        <AllscriptsPatientId />
        <FirstName>Douglas</FirstName>
        <LastName>Allscripts</LastName>
        <Gender>Male</Gender>
        <Zip>60654</Zip>
        <DOB>3/10/1953</DOB>
      </PatientData>
      <DateOfServiceRange>
        <StartDate>9/1/2012</StartDate>
        <EndDate>8/30/2013</EndDate>
      </DateOfServiceRange>
    </Chase>
    <Chase id="1000007">
      <PracticeId>11111</PracticeId>
      <PatientData>
        <AllscriptsPatientId />
        <FirstName>Fiona</FirstName>
        <LastName>Allscripts</LastName>
        <Gender>Female</Gender>
        <Zip>60654</Zip>
        <DOB>3/10/1953</DOB>
      </PatientData>
      <DateOfServiceRange>
        <StartDate>9/1/2012</StartDate>
        <EndDate>8/30/2013</EndDate>
      </DateOfServiceRange>
    </Chase>
    <Chase id="1000008">
      <PracticeId>11111</PracticeId>
      <PatientData>
        <AllscriptsPatientId />
        <FirstName>Kendra</FirstName>
        <LastName>Allscripts</LastName>
        <Gender>Female</Gender>
        <Zip>60654</Zip>
        <DOB>2/26/2003</DOB>
      </PatientData>
      <DateOfServiceRange>
        <StartDate>9/1/2012</StartDate>
        <EndDate>8/30/2013</EndDate>
      </DateOfServiceRange>
    </Chase>
    <Chase id="1000009">
      <PracticeId>11111</PracticeId>
      <PatientData>
        <AllscriptsPatientId />
        <FirstName>Mark</FirstName>
        <LastName>Allscripts</LastName>
        <Gender>Male</Gender>
        <Zip>60654</Zip>
        <DOB>2/18/2008</DOB>
      </PatientData>
      <DateOfServiceRange>
        <StartDate>9/1/2012</StartDate>
        <EndDate>8/30/2013</EndDate>
      </DateOfServiceRange>
    </Chase>
    <Chase id="1000010">
      <PracticeId>11111</PracticeId>
      <PatientData>
        <AllscriptsPatientId />
        <FirstName>Nathan</FirstName>
        <LastName>Allscripts</LastName>
        <Gender>Male</Gender>
        <Zip>60654</Zip>
        <DOB>3/8/1963</DOB>
      </PatientData>
      <DateOfServiceRange>
        <StartDate>9/1/2012</StartDate>
        <EndDate>8/30/2013</EndDate>
      </DateOfServiceRange>
    </Chase>
    <Chase id="1000011">
      <PracticeId>11111</PracticeId>
      <PatientData>
        <AllscriptsPatientId />
        <FirstName>Ashley</FirstName>
        <LastName>Allscripts</LastName>
        <Gender>Female</Gender>
        <Zip>60018</Zip>
        <DOB>6/24/1992</DOB>
      </PatientData>
      <DateOfServiceRange>
        <StartDate>9/1/2012</StartDate>
        <EndDate>8/30/2013</EndDate>
      </DateOfServiceRange>
    </Chase>
    <Chase id="1000012">
      <PracticeId>11111</PracticeId>
      <PatientData>
        <AllscriptsPatientId />
        <FirstName>Tim</FirstName>
        <LastName>Tebow</LastName>
        <Gender>Male</Gender>
        <Zip>12345</Zip>
        <DOB>9/8/1988</DOB>
      </PatientData>
      <DateOfServiceRange>
        <StartDate>9/1/2012</StartDate>
        <EndDate>8/30/2013</EndDate>
      </DateOfServiceRange>
    </Chase>
    <Chase id="1000013">
      <PracticeId>11111</PracticeId>
      <PatientData>
        <AllscriptsPatientId />
        <FirstName>Homer</FirstName>
        <LastName>Simpson</LastName>
        <Gender>Male</Gender>
        <Zip>12345</Zip>
        <DOB>9/9/1950</DOB>
      </PatientData>
      <DateOfServiceRange>
        <StartDate>9/1/2012</StartDate>
        <EndDate>8/30/2013</EndDate>
      </DateOfServiceRange>
    </Chase>
    <Chase id="1000014">
      <PracticeId>11111</PracticeId>
      <PatientData>
        <AllscriptsPatientId />
        <FirstName>Peter</FirstName>
        <LastName>Griffin</LastName>
        <Gender>Male</Gender>
        <Zip>12345</Zip>
        <DOB>9/3/1960</DOB>
      </PatientData>
      <DateOfServiceRange>
        <StartDate>9/1/2012</StartDate>
        <EndDate>8/30/2013</EndDate>
      </DateOfServiceRange>
    </Chase>
    <Chase id="1000015">
      <PracticeId>11111</PracticeId>
      <PatientData>
        <AllscriptsPatientId />
        <FirstName>Walter</FirstName>
        <LastName>Payton</LastName>
        <Gender>Male</Gender>
        <Zip>60054</Zip>
        <DOB>9/9/1940</DOB>
      </PatientData>
      <DateOfServiceRange>
        <StartDate>9/1/2012</StartDate>
        <EndDate>8/30/2013</EndDate>
      </DateOfServiceRange>
    </Chase>
    <Chase id="1000016">
      <PracticeId>11111</PracticeId>
      <PatientData>
        <AllscriptsPatientId />
        <FirstName>Mike</FirstName>
        <LastName>Ditka</LastName>
        <Gender>Male</Gender>
        <Zip>60018</Zip>
        <DOB>9/1/1940</DOB>
      </PatientData>
      <DateOfServiceRange>
        <StartDate>9/1/2012</StartDate>
        <EndDate>8/30/2013</EndDate>
      </DateOfServiceRange>
    </Chase>
    <Chase id="1000017">
      <PracticeId>11111</PracticeId>
      <PatientData>
        <AllscriptsPatientId />
        <FirstName>Charlie</FirstName>
        <LastName>Sheen</LastName>
        <Gender>Male</Gender>
        <Zip>12346</Zip>
        <DOB>8/10/1960</DOB>
      </PatientData>
      <DateOfServiceRange>
        <StartDate>9/1/2012</StartDate>
        <EndDate>8/30/2013</EndDate>
      </DateOfServiceRange>
    </Chase>
    <Chase id="1000018">
      <PracticeId>11111</PracticeId>
      <PatientData>
        <AllscriptsPatientId />
        <FirstName>MEMBER</FirstName>
        <LastName>ONE</LastName>
        <Gender>Female</Gender>
        <Zip>78210</Zip>
        <DOB>10/23/1943</DOB>
      </PatientData>
      <DateOfServiceRange>
        <StartDate>9/1/2012</StartDate>
        <EndDate>8/30/2013</EndDate>
      </DateOfServiceRange>
    </Chase>
    <Chase id="1000019">
      <PracticeId>11111</PracticeId>
      <PatientData>
        <AllscriptsPatientId />
        <FirstName>MEMBER</FirstName>
        <LastName>TWO</LastName>
        <Gender>Female</Gender>
        <Zip>78210</Zip>
        <DOB>1/13/1933</DOB>
      </PatientData>
      <DateOfServiceRange>
        <StartDate>9/1/2012</StartDate>
        <EndDate>8/30/2013</EndDate>
      </DateOfServiceRange>
    </Chase>
    <Chase id="1000020">
      <PracticeId>11111</PracticeId>
      <PatientData>
        <AllscriptsPatientId />
        <FirstName>MEMBER</FirstName>
        <LastName>THREE</LastName>
        <Gender>Female</Gender>
        <Zip>78210</Zip>
        <DOB>8/13/1949</DOB>
      </PatientData>
      <DateOfServiceRange>
        <StartDate>9/1/2012</StartDate>
        <EndDate>8/30/2013</EndDate>
      </DateOfServiceRange>
    </Chase>
    <Chase id="1000021">
      <PracticeId>11111</PracticeId>
      <PatientData>
        <AllscriptsPatientId />
        <FirstName>MEMBER</FirstName>
        <LastName>FOUR</LastName>
        <Gender>Male</Gender>
        <Zip>78210</Zip>
        <DOB>1/24/1962</DOB>
      </PatientData>
      <DateOfServiceRange>
        <StartDate>9/1/2012</StartDate>
        <EndDate>8/30/2013</EndDate>
      </DateOfServiceRange>
    </Chase>
    <Chase id="1000022">
      <PracticeId>11111</PracticeId>
      <PatientData>
        <AllscriptsPatientId />
        <FirstName>MEMBER</FirstName>
        <LastName>FIVE</LastName>
        <Gender>Male</Gender>
        <Zip>78210</Zip>
        <DOB>4/25/1952</DOB>
      </PatientData>
      <DateOfServiceRange>
        <StartDate>9/1/2012</StartDate>
        <EndDate>8/30/2013</EndDate>
      </DateOfServiceRange>
    </Chase>
    <Chase id="1000023">
      <PracticeId>11111</PracticeId>
      <PatientData>
        <AllscriptsPatientId />
        <FirstName>MEMBER</FirstName>
        <LastName>SEVEN</LastName>
        <Gender>Female</Gender>
        <Zip>78210</Zip>
        <DOB>9/8/1933</DOB>
      </PatientData>
      <DateOfServiceRange>
        <StartDate>9/1/2012</StartDate>
        <EndDate>8/30/2013</EndDate>
      </DateOfServiceRange>
    </Chase>
    <Chase id="1000024">
      <PracticeId>11111</PracticeId>
      <PatientData>
        <AllscriptsPatientId />
        <FirstName>MEMBER</FirstName>
        <LastName>EIGHT</LastName>
        <Gender>Female</Gender>
        <Zip>78210</Zip>
        <DOB>10/29/1953</DOB>
      </PatientData>
      <DateOfServiceRange>
        <StartDate>9/1/2012</StartDate>
        <EndDate>8/30/2013</EndDate>
      </DateOfServiceRange>
    </Chase>
    <Chase id="1000025">
      <PracticeId>11111</PracticeId>
      <PatientData>
        <AllscriptsPatientId />
        <FirstName>MEMBER</FirstName>
        <LastName>NINE</LastName>
        <Gender>Male</Gender>
        <Zip>78210</Zip>
        <DOB>10/1/1950</DOB>
      </PatientData>
      <DateOfServiceRange>
        <StartDate>9/1/2012</StartDate>
        <EndDate>8/30/2013</EndDate>
      </DateOfServiceRange>
    </Chase>
    <Chase id="1000026">
      <PracticeId>11111</PracticeId>
      <PatientData>
        <AllscriptsPatientId />
        <FirstName>MEMBER</FirstName>
        <LastName>TEN</LastName>
        <Gender>Female</Gender>
        <Zip>78210</Zip>
        <DOB>10/18/1933</DOB>
      </PatientData>
      <DateOfServiceRange>
        <StartDate>9/1/2012</StartDate>
        <EndDate>8/30/2013</EndDate>
      </DateOfServiceRange>
    </Chase>
    <Chase id="1000027">
      <PracticeId>11111</PracticeId>
      <PatientData>
        <AllscriptsPatientId />
        <FirstName>MEMBER</FirstName>
        <LastName>ELEVEN</LastName>
        <Gender>Male</Gender>
        <Zip>78210</Zip>
        <DOB>3/27/1947</DOB>
      </PatientData>
      <DateOfServiceRange>
        <StartDate>9/1/2012</StartDate>
        <EndDate>8/30/2013</EndDate>
      </DateOfServiceRange>
    </Chase>
    <Chase id="1000028">
      <PracticeId>11111</PracticeId>
      <PatientData>
        <AllscriptsPatientId />
        <FirstName>MEMBER</FirstName>
        <LastName>TWELVE</LastName>
        <Gender>Female</Gender>
        <Zip>78210</Zip>
        <DOB>2/9/1978</DOB>
      </PatientData>
      <DateOfServiceRange>
        <StartDate>9/1/2012</StartDate>
        <EndDate>8/30/2013</EndDate>
      </DateOfServiceRange>
    </Chase>
    <Chase id="1000029">
      <PracticeId>11111</PracticeId>
      <PatientData>
        <AllscriptsPatientId />
        <FirstName>MEMBER</FirstName>
        <LastName>THIRTEEN</LastName>
        <Gender>Male</Gender>
        <Zip>78210</Zip>
        <DOB>1/16/1968</DOB>
      </PatientData>
      <DateOfServiceRange>
        <StartDate>9/1/2012</StartDate>
        <EndDate>8/30/2013</EndDate>
      </DateOfServiceRange>
    </Chase>
    <Chase id="1000030">
      <PracticeId>11111</PracticeId>
      <PatientData>
        <AllscriptsPatientId />
        <FirstName>MEMBER</FirstName>
        <LastName>FOURTEEN</LastName>
        <Gender>Female</Gender>
        <Zip>78210</Zip>
        <DOB>2/13/1940</DOB>
      </PatientData>
      <DateOfServiceRange>
        <StartDate>9/1/2012</StartDate>
        <EndDate>8/30/2013</EndDate>
      </DateOfServiceRange>
    </Chase>
    <Chase id="1000031">
      <PracticeId>11111</PracticeId>
      <PatientData>
        <AllscriptsPatientId />
        <FirstName>MEMBER</FirstName>
        <LastName>FIFTEEN</LastName>
        <Gender>Male</Gender>
        <Zip>78210</Zip>
        <DOB>9/2/1948</DOB>
      </PatientData>
      <DateOfServiceRange>
        <StartDate>9/1/2012</StartDate>
        <EndDate>8/30/2013</EndDate>
      </DateOfServiceRange>
    </Chase>
    <Chase id="1000032">
      <PracticeId>11111</PracticeId>
      <PatientData>
        <AllscriptsPatientId />
        <FirstName>MEMBER</FirstName>
        <LastName>SIXTEEN</LastName>
        <Gender>Female</Gender>
        <Zip>78210</Zip>
        <DOB>2/2/1936</DOB>
      </PatientData>
      <DateOfServiceRange>
        <StartDate>9/1/2012</StartDate>
        <EndDate>8/30/2013</EndDate>
      </DateOfServiceRange>
    </Chase>
    <Chase id="1000033">
      <PracticeId>11111</PracticeId>
      <PatientData>
        <AllscriptsPatientId />
        <FirstName>MEMBER</FirstName>
        <LastName>SEVENTEEN</LastName>
        <Gender>Female</Gender>
        <Zip>78210</Zip>
        <DOB>4/10/1942</DOB>
      </PatientData>
      <DateOfServiceRange>
        <StartDate>9/1/2012</StartDate>
        <EndDate>8/30/2013</EndDate>
      </DateOfServiceRange>
    </Chase>
    <Chase id="1000034">
      <PracticeId>11111</PracticeId>
      <PatientData>
        <AllscriptsPatientId />
        <FirstName>MEMBER</FirstName>
        <LastName>EIGHTEEN</LastName>
        <Gender>Female</Gender>
        <Zip>78210</Zip>
        <DOB>6/29/1957</DOB>
      </PatientData>
      <DateOfServiceRange>
        <StartDate>9/1/2012</StartDate>
        <EndDate>8/30/2013</EndDate>
      </DateOfServiceRange>
    </Chase>
    <Chase id="1000035">
      <PracticeId>11111</PracticeId>
      <PatientData>
        <AllscriptsPatientId />
        <FirstName>MEMBER</FirstName>
        <LastName>NINETEEN</LastName>
        <Gender>Male</Gender>
        <Zip>78210</Zip>
        <DOB>1/7/1941</DOB>
      </PatientData>
      <DateOfServiceRange>
        <StartDate>9/1/2012</StartDate>
        <EndDate>8/30/2013</EndDate>
      </DateOfServiceRange>
    </Chase>
    <Chase id="1000036">
      <PracticeId>11111</PracticeId>
      <PatientData>
        <AllscriptsPatientId />
        <FirstName>MEMBER</FirstName>
        <LastName>TWENTY</LastName>
        <Gender>Male</Gender>
        <Zip>78210</Zip>
        <DOB>2/9/1978</DOB>
      </PatientData>
      <DateOfServiceRange>
        <StartDate>9/1/2012</StartDate>
        <EndDate>8/30/2013</EndDate>
      </DateOfServiceRange>
    </Chase>
    <Chase id="1000037">
      <PracticeId>11111</PracticeId>
      <PatientData>
        <AllscriptsPatientId />
        <FirstName>MEMBER</FirstName>
        <LastName>TWENTYONE</LastName>
        <Gender>Female</Gender>
        <Zip>78210</Zip>
        <DOB>12/17/1975</DOB>
      </PatientData>
      <DateOfServiceRange>
        <StartDate>9/1/2012</StartDate>
        <EndDate>8/30/2013</EndDate>
      </DateOfServiceRange>
    </Chase>
    <Chase id="1000038">
      <PracticeId>11111</PracticeId>
      <PatientData>
        <AllscriptsPatientId />
        <FirstName>MEMBER</FirstName>
        <LastName>TWENTYTWO</LastName>
        <Gender>Female</Gender>
        <Zip>78210</Zip>
        <DOB>2/27/1964</DOB>
      </PatientData>
      <DateOfServiceRange>
        <StartDate>9/1/2012</StartDate>
        <EndDate>8/30/2013</EndDate>
      </DateOfServiceRange>
    </Chase>
    <Chase id="1000039">
      <PracticeId>11111</PracticeId>
      <PatientData>
        <AllscriptsPatientId />
        <FirstName>MEMBER</FirstName>
        <LastName>TWENTYTHREE</LastName>
        <Gender>Male</Gender>
        <Zip>78210</Zip>
        <DOB>6/13/1970</DOB>
      </PatientData>
      <DateOfServiceRange>
        <StartDate>9/1/2012</StartDate>
        <EndDate>8/30/2013</EndDate>
      </DateOfServiceRange>
    </Chase>
    <Chase id="1000040">
      <PracticeId>11111</PracticeId>
      <PatientData>
        <AllscriptsPatientId />
        <FirstName>MEMBER</FirstName>
        <LastName>TWENTYFOUR</LastName>
        <Gender>Female</Gender>
        <Zip>78210</Zip>
        <DOB>3/23/1941</DOB>
      </PatientData>
      <DateOfServiceRange>
        <StartDate>9/1/2012</StartDate>
        <EndDate>8/30/2013</EndDate>
      </DateOfServiceRange>
    </Chase>
    <Chase id="1000041">
      <PracticeId>11111</PracticeId>
      <PatientData>
        <AllscriptsPatientId />
        <FirstName>MEMBER</FirstName>
        <LastName>TWENTYFIVEG</LastName>
        <Gender>Male</Gender>
        <Zip>78210</Zip>
        <DOB>2/9/1970</DOB>
      </PatientData>
      <DateOfServiceRange>
        <StartDate>9/1/2012</StartDate>
        <EndDate>8/30/2013</EndDate>
      </DateOfServiceRange>
    </Chase>
    <Chase id="1000042">
      <PracticeId>11111</PracticeId>
      <PatientData>
        <AllscriptsPatientId />
        <FirstName>Charlie</FirstName>
        <LastName>Sheen</LastName>
        <Gender>Male</Gender>
        <Zip>12346</Zip>
        <DOB>8/10/1960</DOB>
      </PatientData>
      <DateOfServiceRange>
        <StartDate>9/1/2012</StartDate>
        <EndDate>8/30/2013</EndDate>
      </DateOfServiceRange>
    </Chase>
    <Chase id="1000043">
      <PracticeId>11111</PracticeId>
      <PatientData>
        <AllscriptsPatientId />
        <FirstName>Marge</FirstName>
        <LastName>Simpson</LastName>
        <Gender>Female</Gender>
        <Zip>19192</Zip>
        <DOB>9/7/1970</DOB>
      </PatientData>
      <DateOfServiceRange>
        <StartDate>9/1/2012</StartDate>
        <EndDate>8/30/2013</EndDate>
      </DateOfServiceRange>
    </Chase>
    <Chase id="1000044">
      <PracticeId>11111</PracticeId>
      <PatientData>
        <AllscriptsPatientId />
        <FirstName>Peyton</FirstName>
        <LastName>Manning</LastName>
        <Gender>Male</Gender>
        <Zip>12345</Zip>
        <DOB>9/8/1975</DOB>
      </PatientData>
      <DateOfServiceRange>
        <StartDate>9/1/2012</StartDate>
        <EndDate>8/30/2013</EndDate>
      </DateOfServiceRange>
    </Chase>
  </Chases>
</ChaseRequestFile>