﻿<?xml version="1.0" encoding="utf-8"?><ChaseRequest dtGenerated="Friday, November 22, 2013 8:55:14 AM"><Vendor id="DEDE7D6A-0AEA-409D-925B-AD5F5C7CFF60" /><Request id="9ABCB14C-15C9-4817-A8B8-CFD64FBC03F1" /><Chases><Chase id="1"><PracticeId>11111</PracticeId><PatientData><AllscriptsPatientId><![CDATA[11111-24]]></AllscriptsPatientId><LastName><![CDATA[Allscripts]]></LastName><FirstName><![CDATA[Chris]]></FirstName><Gender><![CDATA[F]]></Gender><DOB><![CDATA[02/26/2003]]></DOB><Zip><![CDATA[1]]></Zip></PatientData><DateOfServiceRange><StartDate><![CDATA[01/01/2013]]></StartDate><EndDate><![CDATA[12/01/2013]]></EndDate></DateOfServiceRange></Chase></Chases></ChaseRequest>