﻿<?xml version="1.0" encoding="utf-8"?>
<Project xmlns="http://schemas.microsoft.com/developer/msbuild/2003" DefaultTargets="AllTargetsWrapper">

  <UsingTask AssemblyFile="$(ProgramFiles)\MSBuild\InvestorsTitle\InvestorsTitle.Framework.CrossDomain.MSBuild.dll" TaskName="FindSiblingFileTask"/>
  <UsingTask AssemblyFile="$(ProgramFiles)\MSBuild\InvestorsTitle\InvestorsTitle.Framework.CrossDomain.MSBuild.dll" TaskName="BuildResultsSummaryTask"/>


  <Import Project="$(MSBuildExtensionsPath)\MSBuildCommunityTasks\MSBuild.Community.Tasks.Targets" />
  <Import Project="$(MSBuildExtensionsPath)\ExtensionPack\MSBuild.ExtensionPack.tasks" />
  <Import Project="$(ProgramFiles)\MSBuild\Microsoft\StyleCop\v4.3\Microsoft.StyleCop.targets" />
  <!-- -->
  <!-- -->
  <!-- -->
  <!-- -->
  <!--  The below "CIEnvironmentDetermineBaseFolderLogicFile" logic should be the only "check relativity-ness" logic in the this file for CIEnvironment information.  Based everything else off of the CIEnvironmentBaseFolder variable [$(CIEnvironmentBaseFolder)]-->
  <PropertyGroup>
    <CIEnvironmentDetermineBaseFolderLogicFile Condition="Exists('..\..\..\..\..\..\CIEnvironment\CIEnvironmentDetermineBaseFolderLogic.xml')">..\..\..\..\..\..\CIEnvironment\CIEnvironmentDetermineBaseFolderLogic.xml</CIEnvironmentDetermineBaseFolderLogicFile>
    <CIEnvironmentDetermineBaseFolderLogicFile Condition="Exists('..\..\..\..\..\CIEnvironment\CIEnvironmentDetermineBaseFolderLogic.xml')">..\..\..\..\..\CIEnvironment\CIEnvironmentDetermineBaseFolderLogic.xml</CIEnvironmentDetermineBaseFolderLogicFile>
  </PropertyGroup>
  <!-- -->
  <!-- -->
  <!-- -->
  <!-- -->
  <Import Project="$(CIEnvironmentDetermineBaseFolderLogicFile)" />
  <!-- Encapsulate common (and likely reusable) settings -->
  <Import Project="$(CIEnvironmentBaseFolder)\CommandLineToolsAndPaths.xml" />
  <Import Project="$(CIEnvironmentBaseFolder)\ContinuousIntegrationFolders.xml" />
  <Import Project="$(CIEnvironmentBaseFolder)\ContinuousIntegrationServerPicker.xml" />
  <Import Project="$(CIEnvironmentBaseFolder)\ImportedTasks.xml" />

  <Import Project="$(CIEnvironmentBaseFolder)\ContinuousIntegrationArtifactSettings.xml" />  
  <Import Project="$(CIEnvironmentBaseFolder)\SecurityRelatedUserNamesAndPasswords.xml" />
  <!-- -->
  <!-- -->
  <!-- -->
  <Import Project=".\RemittanceImportManager_Conditionals1.xml" Condition="'String A'=='String A'" />
  <Choose>
    <When Condition=" '$(Configuration)'=='Debug' ">
      <PropertyGroup>
        <FavoriteFood>Peanuts</FavoriteFood>
        <DebugSymbols>true</DebugSymbols>
        <DebugType>full</DebugType>
        <Optimize>false</Optimize>
        <OutputPath>.\bin\Debug\</OutputPath>
        <DefineConstants>DEBUG;TRACE</DefineConstants>
        <FileSuffix>DebugSuffix</FileSuffix>
      </PropertyGroup>
      <ItemGroup>
        <Compile Include="UnitTesting\*.cs" />
        <Reference Include="NUnit.dll" />
      </ItemGroup>
    </When>
    <When Condition=" '$(Configuration)'=='Release' ">
      <PropertyGroup>
        <FavoriteFood>Skittles</FavoriteFood>
        <DebugSymbols>false</DebugSymbols>
        <Optimize>true</Optimize>
        <OutputPath>.\bin\Release\</OutputPath>
        <DefineConstants>TRACE</DefineConstants>
        <FileSuffix>ReleaseSuffix</FileSuffix>
      </PropertyGroup>
    </When>
  </Choose>
  <!-- This file inclusion must be **after** the above /Choose area -->
  <Import Project="$(CIEnvironmentBaseFolder)\MainStreamVariables.xml" />
  <Choose>
    <When Condition=" '$(Computername)'=='APPDEVVMCCNET01' ">
      <PropertyGroup>
        <DeployToDbServer>appdevvmccnet01</DeployToDbServer>
        <DeployToServerInstanceName>\SQL2008</DeployToServerInstanceName>
        <DeployToServerInstanceNameStripped>SQL2008</DeployToServerInstanceNameStripped>
        <DeployToDbUserName>public</DeployToDbUserName>
        <dbpassword></dbpassword>
        <DeployToDbName>OrganizationDB01</DeployToDbName>
        <sqlCmdAddress>np:\\$(DeployToDbServer)\pipe\MSSQL$$(DeployToServerInstanceNameStripped)\sql\query</sqlCmdAddress>
      </PropertyGroup>
    </When>
    <When Condition=" '$(Computername)'=='MXM737058P' ">
      <PropertyGroup>
        <DeployToDbServer>.</DeployToDbServer>
        <DeployToServerInstanceName>\Local2005</DeployToServerInstanceName>
        <DeployToServerInstanceNameStripped>Local2005</DeployToServerInstanceNameStripped>
        <DeployToDbUserName>public</DeployToDbUserName>
        <dbpassword></dbpassword>
        <DeployToDbName>BuildingSolutionDB234</DeployToDbName>
        <sqlCmdAddress>np:\\$(DeployToDbServer)\pipe\MSSQL$$(DeployToServerInstanceNameStripped)\sql\query</sqlCmdAddress>
      </PropertyGroup>
    </When>
    <Otherwise>
      <PropertyGroup>
        <DeployToDbServer>MXM737058P</DeployToDbServer>
        <DeployToServerInstanceName>\Local2005</DeployToServerInstanceName>
        <DeployToServerInstanceNameStripped>Local2005</DeployToServerInstanceNameStripped>
        <DeployToDbUserName>public</DeployToDbUserName>
        <dbpassword></dbpassword>
        <DeployToDbName>BuildingSolutionDB345</DeployToDbName>
        <sqlCmdAddress>np:\\$(DeployToDbServer)\pipe\MSSQL$$(DeployToServerInstanceNameStripped)\sql\query</sqlCmdAddress>
      </PropertyGroup>
    </Otherwise>
  </Choose>
  <!-- -->
  <!-- -->
  <!-- -->
  <!-- -->
  <PropertyGroup>
    <StyleCopTreatErrorsAsWarnings>false</StyleCopTreatErrorsAsWarnings>
  </PropertyGroup>
  <!-- -->
  <!-- -->


  <PropertyGroup>
    <RevisionFolderPrefix>Revision</RevisionFolderPrefix>
  </PropertyGroup>


  <!-- -->
  <PropertyGroup>
    <WorkingCheckout>$(ProjectDir)\$(ProjectAbbreviation)\working\checkout</WorkingCheckout>
  </PropertyGroup>
  <!-- -->
  <!-- -->
  <!-- -->


  <Target Name="CreateCustomArtifactDirectoryWithRevisionPropertyTarget">
    <SvnVersion LocalPath="$(MSBuildProjectDirectory)" ToolPath="$(ProgramFiles)\CollabNet\Subversion Client">
      <Output TaskParameter="Revision" PropertyName="SubVersionRevision" />
    </SvnVersion>
    <CreateProperty Value="$(CustomArtifactDirectory)\Revision$(SubVersionRevision)">
      <Output TaskParameter="Value" PropertyName="CustomArtifactDirectoryWithRevision" />
    </CreateProperty>
    <!-- Remove the directory in case a build failed AND the revision didn't change...Make sure there is a fresh plate  -->

    <!--  <RemoveDir Directories="$(CustomArtifactDirectoryWithRevision)\" Condition="Exists('$(CustomArtifactDirectoryWithRevision)\')" />  -->
    <MakeDir Directories="$(CustomArtifactDirectoryWithRevision)\" Condition="!Exists('$(CustomArtifactDirectoryWithRevision)\')" />
    <!-- -->
    <!-- -->


    <CreateProperty Value="$(CustomArtifactDirectory)\MostRecentBuildResults">
      <Output TaskParameter="Value" PropertyName="CustomArtifactDirectoryWithMostRecentBuildResults" />
    </CreateProperty>
    <!--  <RemoveDir Directories="$(CustomArtifactDirectoryWithMostRecentBuildResults)\" Condition="Exists('$(CustomArtifactDirectoryWithMostRecentBuildResults)\')" />  -->
    <MakeDir Directories="$(CustomArtifactDirectoryWithMostRecentBuildResults)\" Condition="!Exists('$(CustomArtifactDirectoryWithMostRecentBuildResults)\')" />


    <!-- -->
    <!-- -->


    <CreateProperty Value="$(CustomArtifactDirectoryWithRevision)\Zips">
      <Output TaskParameter="Value" PropertyName="CustomArtifactDirectoryWithRevisionZipDestination" />
    </CreateProperty>
    <!--  <RemoveDir Directories="$(CustomArtifactDirectoryWithRevisionZipDestination)\" Condition="Exists('$(CustomArtifactDirectoryWithRevisionZipDestination)\')" />  -->
    <MakeDir Directories="$(CustomArtifactDirectoryWithRevisionZipDestination)\" Condition="!Exists('$(CustomArtifactDirectoryWithRevisionZipDestination)\')" />


    <Message Text=" CustomArtifactDirectoryWithRevision  = $(CustomArtifactDirectoryWithRevision)" />
    <Message Text=" CustomArtifactDirectoryWithMostRecentBuildResults  = $(CustomArtifactDirectoryWithMostRecentBuildResults)" />
    <Message Text=" CustomArtifactDirectoryWithRevisionZipDestination  = $(CustomArtifactDirectoryWithRevisionZipDestination)" />


  </Target>
  <!-- -->
  <!-- -->
  <!-- -->  
  
  <Target Name="Clean">
    <!-- This causes issues when more than 1 project is building at the same time 
<RemoveDir Directories="$(WorkingCheckout)$(WorkingCompiledBuildCheckout)" />
-->
    <RemoveDir Directories="$(WorkingCheckout)" />
    <MakeDir Directories="$(WorkingCheckout)" />
    <Message Text="Cleaning done" />
  </Target>
  <!-- -->
  <!-- -->
  <!-- -->
  <Target Name="Checkout" DependsOnTargets="Clean">
    <SvnCheckout RepositoryPath="$(SubversionRepositoryPath)" LocalPath="$(WorkingCheckout)" Username="$(USERNAME)"></SvnCheckout>
    <Message Text="Checkout completed" />
  </Target>
  <!-- -->
  <!-- -->
  <!-- -->
  <Target Name="Build" DependsOnTargets="Checkout">
    <MSBuild Projects="$(WorkingCheckout)\InvestorsTitle.Applications.RemittanceImportManager.sln" Targets="Build" Properties="Configuration=$(Configuration)">
      <Output TaskParameter="TargetOutputs" ItemName="TargetOutputsItemName"></Output>
    </MSBuild>
    <Message Text="Build completed" />
  </Target>
  <!-- -->
  <!-- -->
  <!-- -->
  <Target Name="VersionItUp" DependsOnTargets="Build">
    <MakeDir Directories="$(CCNetWorkingDirectory)\..\..\..\..\..\PermanentVersionLogDirectory\$(ProjectAbbreviation)\" Condition="!Exists('$(CCNetWorkingDirectory)\..\..\..\..\..\PermanentVersionLogDirectory\$(ProjectAbbreviation)\')" />
    <Version VersionFile="$(CCNetWorkingDirectory)\..\..\..\..\..\PermanentVersionLogDirectory\$(ProjectAbbreviation)\$(ProjectAbbreviation)Version.txt" RevisionType="Increment">
      <Output TaskParameter="Major" PropertyName="Major" />
      <Output TaskParameter="Minor" PropertyName="Minor" />
      <Output TaskParameter="Build" PropertyName="Build" />
      <Output TaskParameter="Revision" PropertyName="Revision" />
    </Version>
    <Message Text="Version: $(Major).$(Minor).$(Build).$(SubVersionRevision)" />
  </Target>
  <!-- -->
  <!-- -->
  <!-- -->
  <Target Name="Attrib" DependsOnTargets="VersionItUp">
    <Attrib Files="Version.txt" ReadOnly="true" Hidden="true" System="true" />
    <Attrib Files="Version.txt" Hidden="false" System="false" />
    <Attrib Files="Version.txt" Normal="true" />
  </Target>
  <!-- -->
  <!-- -->
  <!-- -->
  <Target Name="ZipItUp" DependsOnTargets="Build">
    
    
    
    <ItemGroup>
      <ZipFiles Include="$(WorkingCheckout)\Presentation.Winforms1\bin\$(Configuration)\**\*.*" Exclude="" />
    </ItemGroup>
    <Message Text=" DeploymentZipFileName  = $(DeploymentZipFileName)" />
    <MSBuild.Community.Tasks.Zip Files="@(ZipFiles)" ZipFileName="$(CustomArtifactDirectoryWithRevisionZipDestination)\01_Winforms1_$(DeploymentZipFileName)" WorkingDirectory="$(WorkingCheckout)\Presentation.Winforms1\bin\$(Configuration)\" />

    <!-- -->
    <!-- -->
    <ItemGroup>
      <ZipFilesQAHelperQueries Include="$(WorkingCheckout)\SqlScripts\Queries\QAVerifyHelpers\**\*.sql" Exclude="" />
      <ZipFilesQAHelperQueries Include="$(WorkingCheckout)\SqlScripts\Queries\QAVerifyHelpers\**\*.txt" Exclude="" />
    </ItemGroup>
    <MSBuild.Community.Tasks.Zip Files="@(ZipFilesQAHelperQueries)" ZipFileName="$(CustomArtifactDirectoryWithRevisionZipDestination)\02_QAVerifyHelperScripts$(DeploymentZipFileName)" WorkingDirectory="$(WorkingCheckout)\SqlScripts\Queries\QAVerifyHelpers\" />


    <!-- -->
    <!-- -->
    <ItemGroup>
      <ZipFilesQAWinformsNonConfigExcludeFiles Include="$(WorkingCheckout)\Presentation.WinF.QA\bin\$(Configuration)\**\*.config" />
    </ItemGroup>
    <!-- -->
    <ItemGroup>
      <ZipFilesQAWinformsNonConfigIncludeFiles Include="$(WorkingCheckout)\Presentation.WinF.QA\bin\$(Configuration)\**\*.*" Exclude="@(ZipFilesQAWinformsNonConfigExcludeFiles)" />
    </ItemGroup>
    <MSBuild.Community.Tasks.Zip Files="@(ZipFilesQAWinformsNonConfigIncludeFiles)" ZipFileName="$(CustomArtifactDirectoryWithRevisionZipDestination)\03_QA_Winforms_App_$(DeploymentZipFileName)" WorkingDirectory="$(WorkingCheckout)\Presentation.WinF.QA\bin\$(Configuration)\" />
    <!-- -->
    <ItemGroup>
      <ZipFilesQAWinformsConfigIncludeFiles Include="$(WorkingCheckout)\Presentation.WinF.QA\bin\$(Configuration)\**\*.config" Exclude="" />
    </ItemGroup>
    <MSBuild.Community.Tasks.Zip Files="@(ZipFilesQAWinformsConfigIncludeFiles)" ZipFileName="$(CustomArtifactDirectoryWithRevisionZipDestination)\04_QA_Winforms_App_ConfigFiles_$(DeploymentZipFileName)" WorkingDirectory="$(WorkingCheckout)\Presentation.WinF.QA\bin\$(Configuration)\" />


    <!-- -->
    <!-- -->
    <ItemGroup>
      <ZipFilesWindowsServicesNonConfigExcludeFiles Include="$(WorkingCheckout)\WindowsServices\bin\$(Configuration)\**\*.config" />
    </ItemGroup>
    <!-- -->
    <ItemGroup>
      <ZipFilesWindowsServicesNonConfigIncludeFiles Include="$(WorkingCheckout)\WindowsServices\bin\$(Configuration)\**\*.*" Exclude="@(ZipFilesWindowsServicesNonConfigExcludeFiles)" />
    </ItemGroup>
    <MSBuild.Community.Tasks.Zip Files="@(ZipFilesWindowsServicesNonConfigIncludeFiles)" ZipFileName="$(CustomArtifactDirectoryWithRevisionZipDestination)\05_RemittancePollingWindowsService_$(DeploymentZipFileName)" WorkingDirectory="$(WorkingCheckout)\WindowsServices\bin\$(Configuration)\" />
    <!-- -->
    <ItemGroup>
      <ZipFilesWindowsServicesConfigIncludeFiles Include="$(WorkingCheckout)\WindowsServices\bin\$(Configuration)\**\*.config" Exclude="" />
    </ItemGroup>
    <MSBuild.Community.Tasks.Zip Files="@(ZipFilesWindowsServicesConfigIncludeFiles)" ZipFileName="$(CustomArtifactDirectoryWithRevisionZipDestination)\06_RemittancePollingWindowsService_App_ConfigFiles_$(DeploymentZipFileName)" WorkingDirectory="$(WorkingCheckout)\WindowsServices\bin\$(Configuration)\" />

    <!-- -->
    <!-- -->

    <ItemGroup>
      <DeploymentInstructionsZipFiles Include="$(WorkingCheckout)\DeploymentHelpers\DeploymentInstructions001.txt" Exclude="" />
      <DeploymentInstructionsZipFiles Include="$(WorkingCheckout)\DeploymentHelpers\FileServer_DirectoryStructure_And_Permissions.bat" Exclude="" />
      <DeploymentInstructionsZipFiles Include="$(WorkingCheckout)\DeploymentHelpers\RemitPickupService_DirectoryStructure_And_Permissions.bat" Exclude="" />
    </ItemGroup>
    <MSBuild.Community.Tasks.Zip Condition="$(Configuration) == 'Release'" Files="@(DeploymentInstructionsZipFiles)" ZipFileName="$(CustomArtifactDirectoryWithRevisionZipDestination)\09_DeploymentInstructions_$(Configuration).zip" WorkingDirectory="$(WorkingCheckout)\DeploymentHelpers\" />




  </Target>



  <Target Name="ZipItUpSSRS" DependsOnTargets="Build">


    <PropertyGroup>
      <SSRSZipRootFolder>$(WorkingCheckout)\SSRSZipRoot</SSRSZipRootFolder>
      <SSRSZipSubFolder1>$(SSRSZipRootFolder)\RemitReports</SSRSZipSubFolder1>
     </PropertyGroup>

      <MakeDir Directories="$(SSRSZipRootFolder)" Condition="!Exists('$(SSRSZipRootFolder)')"/>
      <MakeDir Directories="$(SSRSZipSubFolder1)" Condition="!Exists('$(SSRSZipSubFolder1)')"/>



    <Copy Condition="Exists('$(WorkingCheckout)\ThirdPartyReferences\ssrsmsbuildtasks.dll') AND !Exists('$(SSRSZipRootFolder)\ssrsmsbuildtasks.dll')"
          SourceFiles="$(WorkingCheckout)\ThirdPartyReferences\ssrsmsbuildtasks.dll" DestinationFolder="$(SSRSZipRootFolder)\"
          ContinueOnError="true" />

    <Copy Condition="Exists('$(WorkingCheckout)\RemittanceImportReports.bat') AND !Exists('$(SSRSZipRootFolder)\RemittanceImportReports.bat')"
          SourceFiles="$(WorkingCheckout)\RemittanceImportReports.bat" DestinationFolder="$(SSRSZipRootFolder)\"
          ContinueOnError="true" />

    <Copy Condition="Exists('$(WorkingCheckout)\RemittanceImportReports.msbuild') AND !Exists('$(SSRSZipRootFolder)\RemittanceImportReports.msbuild')"
          SourceFiles="$(WorkingCheckout)\RemittanceImportReports.msbuild" DestinationFolder="$(SSRSZipRootFolder)\"
          ContinueOnError="true" />

    <Copy Condition="Exists('$(WorkingCheckout)\RemittanceImportReports.Reminders.txt') AND !Exists('$(SSRSZipRootFolder)\RemittanceImportReports.Reminders.txt')"
          SourceFiles="$(WorkingCheckout)\RemittanceImportReports.Reminders.txt" DestinationFolder="$(SSRSZipRootFolder)\"
          ContinueOnError="true" />

    <ItemGroup>
      <RDLFiles Include="$(WorkingCheckout)\Reports\*.rdl" Exclude="" />
    </ItemGroup>    
    

    <Copy Condition="Exists('$(SSRSZipSubFolder1)\')"
          SourceFiles="@(RDLFiles)" DestinationFolder="$(SSRSZipSubFolder1)\"
          ContinueOnError="true" />

    <ItemGroup>
      <SSRSDeployFiles Include="$(SSRSZipRootFolder)\ssrsmsbuildtasks.dll" Exclude="" />
      <SSRSDeployFiles Include="$(SSRSZipRootFolder)\RemittanceImportReports.bat" Exclude="" />
      <SSRSDeployFiles Include="$(SSRSZipRootFolder)\RemittanceImportReports.msbuild" Exclude="" />
      <SSRSDeployFiles Include="$(SSRSZipRootFolder)\RemittanceImportReports.Reminders.txt" Exclude="" />
      <SSRSDeployFiles Include="$(SSRSZipSubFolder1)\*.rdl" Exclude="" />
    </ItemGroup>

    <MSBuild.Community.Tasks.Zip Files="@(SSRSDeployFiles)" ZipFileName="$(CustomArtifactDirectoryWithRevisionZipDestination)\11_SSRS_Deployment_$(DeploymentZipFileName)" WorkingDirectory="$(SSRSZipRootFolder)\" />

  </Target>



  <!-- -->
  <!-- -->
  <!-- -->
  <Target Name="WhereAmIPreZipItUp" DependsOnTargets="Build">
    <Message Text=" Dir : .  " />
    <Exec Command="dir ." />
    <Message Text=" Dir : $(WorkingCheckout)\Presentation.Winforms1\bin\$(Configuration)  " />
    <Exec ContinueOnError="true" Command="dir $(WorkingCheckout)\Presentation.Winforms1\bin\$(Configuration)" />
  </Target>
  <!-- -->
  <Target Name="WhereAmI" DependsOnTargets="Build">
    <Exec Command="dir" />
  </Target>
  <!-- -->
  <Target Name="CustomTaskConcatenate_DB_Files" DependsOnTargets="Build">
    <Message Text=" CustomTaskConcatenate_DB_Files START " />
    <FileConcatenationTask SourceFileListFileDirectory="$(WorkingCheckout)\SqlScripts\Create Scripts\" SourceFileListFileName="DBCreateOrder.txt" SourceFileListFileType="relative" DumpConfigurationToGuidTextFile="true" SeperatorLineCount="1" SourceFilesType="relative" SourceFilesRootDirectory="$(WorkingCheckout)\SqlScripts\Create Scripts\" DestinationFileDirectory="$(WorkingCheckout)\SqlScripts\" DestinationFileName="DestinationDBScript.sql" DestinationFileType="relative" />
    <Message Text=" CustomTaskConcatenate_DB_Files END " />
  </Target>
  <Target Name="CustomTaskConcatenate_DDL_Files" DependsOnTargets="Create_Database_With_MasterFile_Target">
    <FileConcatenationTask SourceFileListFileDirectory="$(WorkingCheckout)\SqlScripts\Create Scripts\" SourceFileListFileName="DDLCreateOrder.txt" SourceFileListFileType="relative" DumpConfigurationToGuidTextFile="false" SeperatorLineCount="10" SourceFilesType="relative" SourceFilesRootDirectory="$(WorkingCheckout)\SqlScripts\Create Scripts\" DestinationFileDirectory="$(WorkingCheckout)\SqlScripts\" DestinationFileName="DestinationDDL.sql" DestinationFileType="relative" />
  </Target>
  <Target Name="CustomTaskConcatenate_USP_UDF_TRG_Files" DependsOnTargets="Create_Table_With_MasterFile_Target">
    <FileConcatenationTask SourceFileListFileDirectory="$(WorkingCheckout)\SqlScripts\" SourceFileListFileName="USP_UDF_TRG_DirectoryList.txt" SourceFileListFileType="relative" DumpConfigurationToGuidTextFile="false" SeperatorLineCount="1" SourceFilesType="relative" SourceFilesRootDirectory="$(WorkingCheckout)\SqlScripts\" DestinationFileDirectory="$(WorkingCheckout)\SqlScripts\" DestinationFileName="USP_UDF_TRG_Concatenation.sql" DestinationFileType="relative" />
  </Target>
  <!-- -->
  <Target Name="Create_Database_With_MasterFile_Target" DependsOnTargets="CustomTaskConcatenate_DB_Files">
    <Exec WorkingDirectory="$(WorkingCheckout)\SqlScripts" Command="&quot;$(SqlCmdExeFullFileName)&quot; -i &quot;$(WorkingCheckout)\SqlScripts\DestinationDBScript.sql&quot; -S tcp:$(DeployToDbServer)$(DeployToServerInstanceName) -v ErrorOutputFileFromCommandLine=&quot;SQLCMDERRORLOG_ABC_123_DestinationDBScript_LOG.log&quot;   DBNAME=$(DeployToDbName)   DBUSERNAME=$(DeployToDbUserName)    -E  -l 60 -o .\SQLCMDLOG_ABC_123_DestinationDBScript_LOG.txt" />
  </Target>
  <!-- -->
  <Target Name="Create_Table_With_MasterFile_Target" DependsOnTargets="CustomTaskConcatenate_DDL_Files">
    <Exec WorkingDirectory="$(WorkingCheckout)\SqlScripts" Command="&quot;$(SqlCmdExeFullFileName)&quot; -i &quot;$(WorkingCheckout)\SqlScripts\DestinationDDL.sql&quot; -S tcp:$(DeployToDbServer)$(DeployToServerInstanceName)  -d &quot;$(DeployToDbName)&quot; -v ErrorOutputFileFromCommandLine=&quot;SQLCMDERRORLOG_ABC_123_Create_Table_With_MasterFile_Target.log&quot;   DBNAME=$(DeployToDbName)   DBUSERNAME=$(DeployToDbUserName)  -E -o .\SQLCMDLOG_ABC_123_Create_Table_With_MasterFile_Target.txt" />
  </Target>
  <!-- -->
  <Target Name="Create_USP_UDF_TRG_With_MasterFile_Target" DependsOnTargets="CustomTaskConcatenate_USP_UDF_TRG_Files">
    <Exec WorkingDirectory="$(WorkingCheckout)\SqlScripts" Command="&quot;$(SqlCmdExeFullFileName)&quot; -i &quot;$(WorkingCheckout)\SqlScripts\USP_UDF_TRG_Concatenation.sql&quot; -S tcp:$(DeployToDbServer)$(DeployToServerInstanceName)  -d &quot;$(DeployToDbName)&quot; -v ErrorOutputFileFromCommandLine=&quot;SQLCMDERRORLOG_DEF_234_Create_USP_UDF_TRG_With_MasterFile_Target.log&quot;   DBNAME=$(DeployToDbName)   DBUSERNAME=$(DeployToDbUserName)  -E -o .\SQLCMDLOG_DEF_234_Create_USP_UDF_TRG_With_MasterFile_Target.txt" />
  </Target>
  <!-- -->
  <Target Name="NCoverCoverageItUp" Condition="$(Configuration) == 'Debug'">
    <NCover ToolPath="$(NCoverConsoleExeToolPath)" CommandLineExe="$(NUnitConsoleExeFullFileName)" CommandLineArgs="InvestorsTitle.Applications.RemittanceImportManager.UnitTests.exe" WorkingDirectory="$(WorkingCheckout)\UnitTests\bin\Debug" CoverageFile="$(CustomArtifactDirectoryWithMostRecentBuildResults)\UnitTestCoverage_RESULTS.xml" LogLevel="Normal" LogFile="$(CustomArtifactDirectoryWithMostRecentBuildResults)\UnitTestCoverage_RESULTS.log" />
  </Target>
  <!-- -->
  <Target Name="CreateCoverageReportViaTransform" Condition="$(Configuration) == 'Debug'">
    <MSBuild.ExtensionPack.Xml.XmlTask TaskAction="Transform" XmlFile="$(CustomArtifactDirectoryWithMostRecentBuildResults)\UnitTestCoverage_RESULTS.xml" XslTransformFile="$(CIHelpersBaseFolder)\XslFiles\Coverage.xsl" OutputFile="$(CustomArtifactDirectoryWithMostRecentBuildResults)\MyFirstCoverageReport.html"></MSBuild.ExtensionPack.Xml.XmlTask>
  </Target>
  <!-- -->
  <Target Name="ShowReservedProperties">
    <Message Text=" MSBuildProjectDirectory  = $(MSBuildProjectDirectory)" />
    <Message Text=" MSBuildProjectFile  = $(MSBuildProjectFile)" />
    <Message Text=" MSBuildProjectExtension  = $(MSBuildProjectExtension)" />
    <Message Text=" MSBuildProjectFullPath  = $(MSBuildProjectFullPath)" />
    <Message Text=" MSBuildProjectName  = $(MSBuildProjectName)" />
    <Message Text=" MSBuildBinPath  = $(MSBuildBinPath)" />
    <Message Text=" MSBuildProjectDefaultTargets  = $(MSBuildProjectDefaultTargets)" />
    <Message Text=" MSBuildExtensionsPath  = $(MSBuildExtensionsPath)" />
    <Message Text=" MSBuildStartupDirectory  = $(MSBuildStartupDirectory)" />
  </Target>
  <!-- -->
  <Target Name="ShowOtherProperties">
    <Message Text="  " />
    <Message Text="  " />
    <Message Text=" Environment (SET) Variables*                            " />
    <Message Text=" ---------------------------                             " />
    <Message Text=" COMPUTERNAME = *$(COMPUTERNAME)*                        " />
    <Message Text=" USERDNSDOMAIN = *$(USERDNSDOMAIN)*                      " />
    <Message Text=" USERDOMAIN = *$(USERDOMAIN)*                          " />
    <Message Text=" USERNAME = *$(USERNAME)*                                " />
    <Message Text=" JAVA_HOME = *$(JAVA_HOME)*                                " />
    <Message Text=" CCNetBuildCondition = *$(CCNetBuildCondition)*           " />
    <Message Text=" CCNetRequestSource = *$(CCNetRequestSource)*             " />
    <Message Text=" CCNetBuildCondition = *$(CCNetBuildCondition)*             " />
    <Message Text=" CCNetIntegrationStatus = *$(CCNetIntegrationStatus)*            " />
    <Message Text=" CCNetLabel = *$(CCNetLabel)*            " />
    <Message Text=" CCNetLastIntegrationStatus = *$(CCNetLastIntegrationStatus)*            " />
    <Message Text=" CCNetProject = *$(CCNetProject)*               " />
    <Message Text=" CCNetBuildDate = *$(CCNetBuildDate)*               " />
    <Message Text=" CCNetBuildTime = *$(CCNetBuildTime)*               " />
    <Message Text=" CCNetArtifactDirectory = *$(CCNetArtifactDirectory)*            " />
    <Message Text=" CCNetWorkingDirectory = *$(CCNetWorkingDirectory)*             " />
    <Message Text=" CCNetRequestSource = *$(CCNetRequestSource)*             " />
    <Message Text=" CCNetFailureUsers = *$(CCNetFailureUsers)*              " />
    <Message Text=" CCNetListenerFile = *$(CCNetListenerFile)*              " />
    <Message Text=" CCNetProjectUrl = *$(CCNetProjectUrl)*               " />
    <Message Text=" CCNetNumericLabel = *$(CCNetNumericLabel)*              " />
    <Message Text=" CCNetModifyingUsers = *$(CCNetModifyingUsers)*              " />
    <Message Text=" CCNetUser = *$(CCNetUser)*                " />
    <Message Text=" CCNetConfigFileParameter = *$(CCNetConfigFileParameter)*                " />
    <Message Text="  " />
    <Message Text="  " />
    <Message Text=" ProjectDir = *$(ProjectDir)*   " />
    <Message Text=" WorkingCheckout = *$(WorkingCheckout)*   " />
    <Message Text=" WorkingCompiledBuildCheckout = *$(WorkingCompiledBuildCheckout)*   " />
    <Message Text="WorkingCheckout And WorkingCompiledBuildCheckout = *$(WorkingCheckout)$(WorkingCompiledBuildCheckout)*   " />
    <Message Text=" WorkingOutputs = *$(WorkingOutputs)*   " />
    <Message Text="  " />
    <Message Text=" The Configuration = *$(Configuration)*   " />
    <Message Text="  " />
    <Message Text=" The FavoriteFood = *$(FavoriteFood)*   " />
    <Message Text="  " />
    <Message Text=" The FileSuffix = *$(FileSuffix)*   " />
    <Message Text="  " />
    <Message Text=" The CustomArtifactDirectory = *$(CustomArtifactDirectory)*   " />
    <Message Text=" ProjectAbbreviation = *$(ProjectAbbreviation)*                " />
  </Target>
  <!-- -->
  <Target Name="WhereAmIPreCabItUp" DependsOnTargets="Build">
    <Message Text=" Dir : .  " />
    <Exec Command="dir ." />
    <Message Text=" " />
    <Message Text=" Dir : $(WorkingCheckout)\Presentation.Winforms1\bin\$(Configuration)  " />
    <Exec ContinueOnError="true" Command="dir $(WorkingCheckout)\Presentation.Winforms1\bin\$(Configuration)" />
    <Message Text=" " />
  </Target>
  <!-- -->
  <!-- -->
  <ItemGroup>
    <!--- Need to add to the dependencies because MSBuild.ExtensionPack.CodeQuality.StyleCop.dll references StyleCop -->
    <DependencyDirectories Include="c:\Program Files (x86)\MSBuild\Microsoft\StyleCop\v4.3" />
    <!-- Define a bespoke set of rules to run. Prefix the Rules path with ! to treat warnings as errors -->
    <Rules Include="C:\Program Files\Microsoft FxCop 1.36\Rules\DesignRules.dll" />
    <Files Include="$(MSBuildExtensionsPath)\MSBuild.ExtensionPack.StyleCop.dll" />
  </ItemGroup>
  <!-- -->
  <Target Name="FxCopItUp">
    <ItemGroup>
      <FxCopExcludedFiles Include="$(WorkingCheckout)\**\*.Designer.cs" />
      <FxCopExcludedFiles Include="$(WorkingCheckout)\**\*AssemblyInfo.cs" />
      <FxCopExcludedFiles Include="$(WorkingCheckout)\**\Microsoft.Practices.EnterpriseLibrary*.*" />
    </ItemGroup>
    <ItemGroup>
      <FxCopFiles Include="$(WorkingCheckout)\Presentation.Winforms1\bin\$(Configuration)\**\InvestorsTitle.Applications.RemittanceImportManager*.dll" Exclude="@(FxCopExcludedFiles)" />
      <FxCopFiles Include="$(WorkingCheckout)\Presentation.Winforms1\bin\$(Configuration)\**\InvestorsTitle.Applications.RemittanceImportManager*.exe" Exclude="@(FxCopExcludedFiles)" />
    </ItemGroup>
    <!-- Call the task using a collection of files and all default rules -->
    <MSBuild.ExtensionPack.CodeQuality.FxCop TaskAction="Analyse" Files="@(FxCopFiles)" OutputFile="$(CustomArtifactDirectoryWithMostRecentBuildResults)\MyFXCopLog1_RESULTS.xml">
      <Output TaskParameter="AnalysisFailed" PropertyName="Result" />
    </MSBuild.ExtensionPack.CodeQuality.FxCop>
    <Message Text="FxCopItUp Failed: $(Result)" />
    <Message Text="Failure Text: $(Text)" Condition="$(Result) == 'true'" />
  </Target>
  <!-- -->
  <!-- -->
  <Target Name="StyleCopItUp">
    <Message Text="Running StyleCop..." />
    <ItemGroup>
      <StyleCopExcludedFiles Include="$(WorkingCheckout)\**\*.Designer.cs" />
      <StyleCopExcludedFiles Include="$(WorkingCheckout)\**\*AssemblyInfo.cs" />
    </ItemGroup>
    <ItemGroup>
      <StyleCopFiles Include="$(WorkingCheckout)\**\*.cs" Exclude="@(StyleCopExcludedFiles)" />
    </ItemGroup>
    <StyleCopTask ProjectFullPath="$(MSBuildProjectFile)" SourceFiles="@(StyleCopFiles)" AdditionalAddinPaths="@(StyleCopAdditionalAddinPaths)" ForceFullAnalysis="true" DefineConstants="DEBUG TRACE CODE_ANALYSIS" TreatErrorsAsWarnings="true" CacheResults="false" OutputFile="$(CustomArtifactDirectoryWithMostRecentBuildResults)\stylecop_RESULTS.xml" MaxViolationCount="10000"></StyleCopTask>
    <Message Text="StyleCop executed" />
  </Target>
  <!--  OverrideSettingsFile="$(SolutionRoot)\Client\Settings.StyleCop"  -->
  <Target Name="SubversionInfo" DependsOnTargets="Checkout">
    <SvnInfo LocalPath="$(TestWorkingFolder)">
      <Output TaskParameter="RepositoryPath" PropertyName="RepositoryPath" />
      <Output TaskParameter="RepositoryRoot" PropertyName="RepositoryRoot" />
      <Output TaskParameter="LastChangedAuthor" PropertyName="LastChangedAuthor" />
      <Output TaskParameter="LastChangedRevision" PropertyName="LastChangedRevision" />
      <Output TaskParameter="LastChangedDate" PropertyName="LastChangedDate" />
      <Output TaskParameter="Schedule" PropertyName="Schedule" />
      <Output TaskParameter="NodeKind" PropertyName="NodeKind" />
      <Output TaskParameter="RepositoryUuid" PropertyName="RepositoryUuid" />
    </SvnInfo>
    <Message Text="RepositoryRoot: $(RepositoryRoot)" />
    <Message Text="RepositoryPath: $(RepositoryPath)" />
    <Message Text="LastChangedAuthor: $(LastChangedAuthor)" />
    <Message Text="LastChangedRevision: $(LastChangedRevision)" />
    <Message Text="LastChangedDate: $(LastChangedDate)" />
    <Message Text="Schedule: $(Schedule)" />
    <Message Text="NodeKind: $(NodeKind)" />
    <Message Text="RepositoryUuid: $(RepositoryUuid)" />
  </Target>
  <!-- -->
  <!-- -->
  <Target Name="SubVersionBeforeBuildVersionTagItUp">
    <ItemGroup>
      <AssemblyInfoFiles Include="$(ProjectDir)\**\*AssemblyInfo.cs" />
    </ItemGroup>
    <!--  This was moved to a "higher" (earlier call) so it can be resued throughouth the run
	<SvnVersion LocalPath="$(MSBuildProjectDirectory)" ToolPath="$(ProgramFiles)\CollabNet\Subversion Client">
		<Output TaskParameter="Revision" PropertyName="SubVersionRevision" />
	</SvnVersion>
-->
    <FileUpdate Files="@(AssemblyInfoFiles)" Regex="(\d+)\.(\d+)\.(\d+)\.(\d+)" ReplacementText="$1.$2.$3.$(SubVersionRevision)" />
  </Target>
  <!-- -->
  <!-- -->
  <Target Name="ConfigItUp">
    <Xslt RootTag="" Inputs="$(WorkingCheckout)\Presentation.Winforms1\app.config" Output="$(WorkingCheckout)\Presentation.Winforms1\app.SomethingElse.config" Xsl="$(WorkingCheckout)\BuildConfiguration\AppConfigTweaks\PresWinforms_AppConfigUpdates_1.xslt" />
  </Target>
  <!-- -->
  <!-- -->
  <Target Name="GendarmeItUp">
    <ItemGroup>
      <GendarmeExcludedFiles Include="$(WorkingCheckout)\Presentation.Winforms\**\*.config" />
      <GendarmeExcludedFiles Include="$(WorkingCheckout)\Presentation.Winforms\**\*.exe.config" />
    </ItemGroup>
    <ItemGroup>
      <GendarmeFiles Include="$(WorkingCheckout)\Presentation.Winforms\**\*.dll" Exclude="@(GendarmeExcludedFiles)" />
      <!--
	<GendarmeFiles Include="$(WorkingCheckout)\Presentation.Winforms\**\*.exe"  Exclude="@(GendarmeExcludedFiles)"  />
	-->
    </ItemGroup>
    <Exec IgnoreExitCode="true" Command="&quot;$(GendarmeConsoleExeFullFileName)&quot; --xml &quot;$(CustomArtifactDirectoryWithMostRecentBuildResults)\MyGendarmeReport_RESULTS.xml&quot; @(GendarmeFiles-&gt;'&quot;%(fullpath)&quot;',' ') ">
      <Output TaskParameter="ExitCode" PropertyName="GendarmeExitCode" />
    </Exec>
    <Message Text="GendarmeExitCode = $(GendarmeExitCode)" />
  </Target>
  <!-- -->
  <!-- -->
  <ItemGroup>
    <PresentationentationFiles Include="$(WorkingCheckout)\Presentation.Winforms1\**\*.exe" />
  </ItemGroup>
  <!-- -->
  <!-- -->
  <Target Name="FunWithFilesItUp">
    <Message Text="rootdir: @(PresentationentationFiles-&gt;'%(rootdir)')" />
    <Message Text="fullpath: @(PresentationentationFiles-&gt;'%(fullpath)')" />
    <Message Text="rootdir + directory + filename + extension: @(PresentationentationFiles-&gt;'%(rootdir)%(directory)%(filename)%(extension)')" />
    <Message Text="identity: @(PresentationentationFiles-&gt;'%(identity)')" />
    <Message Text="filename: @(PresentationentationFiles-&gt;'%(filename)')" />
    <Message Text="directory: @(PresentationentationFiles-&gt;'%(directory)')" />
    <Message Text="relativedir: @(PresentationentationFiles-&gt;'%(relativedir)')" />
    <Message Text="extension: @(PresentationentationFiles-&gt;'%(extension)')" />
  </Target>
  <!-- -->
  <!-- -->
  <!-- Execute and report the NUnit tests -->
  <Target Name="NUnitItUp" DependsOnTargets="Build">
    <Message Text="=======================================================================================" />
    <Message Text="=======================================================================================" />
    <ItemGroup>
      <NUnitExcludedFiles Include="$(WorkingCheckout)\UnitTests\bin\Debug\**\*.config" />
      <NUnitExcludedFiles Include="$(WorkingCheckout)\UnitTests\bin\Debug\**\*.exe.config" />
    </ItemGroup>
    <ItemGroup>
      <NUnitFiles Include="$(WorkingCheckout)\UnitTests\bin\Debug\**\*.dll" Exclude="@(NUnitExcludedFiles)" />
      <NUnitFiles Include="$(WorkingCheckout)\UnitTests\bin\Debug\**\*.exe" Exclude="@(NUnitExcludedFiles)" />
    </ItemGroup>
    <Message Text="NUnit tests include: '@(NUnitFiles)'" />
    <NUnit Assemblies="@(NUnitFiles)" WorkingDirectory="$(WorkingCheckout)\UnitTests\bin\Debug" OutputXmlFile="$(CCNetWorkingDirectory)\RemittanceImportManager_nunit_RESULTS.xml" ContinueOnError="false" ToolPath="$(NUnitConsoleExeFullPath)" />
  </Target>
  <!-- -->
  <!-- -->
  <Target Name="NUnitItUpOldSchool" Condition="$(Configuration) == 'Debug'">
    <ItemGroup>
      <NUnitOldSchoolExcludedFiles Include="$(WorkingCheckout)\Presentation.Winforms1\**\*.fakePlaceHolder" />
    </ItemGroup>
    <ItemGroup>
      <NUnitOldSchoolFiles Include="$(WorkingCheckout)\UnitTests\bin\Debug\InvestorsTitle.Applications.RemittanceImportManager.UnitTests.exe" Exclude="@(NUnitOldSchoolExcludedFiles)" />
    </ItemGroup>
    <Message Text="NUnit tests include: '@(NUnitOldSchoolFiles)'" />
    <Exec Command="&quot;$(NUnitConsoleExeFullFileName)&quot; /xml &quot;$(CustomArtifactDirectoryWithMostRecentBuildResults)\RemittanceImportManager_nunit_RESULTS.xml&quot; @(NUnitOldSchoolFiles-&gt;'&quot;%(fullpath)&quot;',' ') " />
  </Target>
  <!-- -->
  <!-- -->
  <Target Name="PartCoverItUp" Condition="$(Configuration) == 'Debug'">
    <Message Text=" Let's PartCoverItUp " />
    <Exec Command="regsvr32.exe -s &quot;$(MSBuildExtensionsPath)\PartCover\PartCover.CorDriver.dll&quot;" />
    <Exec Command="&quot;$(MSBuildExtensionsPath)\PartCover\PartCover.exe&quot;  --target &quot;$(NUnitConsoleExeFullFileName)&quot;  --target-work-dir &quot;$(WorkingCheckout)\UnitTests\bin\Debug&quot; --target-args &quot;InvestorsTitle.Applications.RemittanceImportManager.UnitTests.exe&quot;  --output &quot;$(CustomArtifactDirectoryWithMostRecentBuildResults)\PartCover_RESULTS.xml&quot; --include [InvestorsTitle.Applications.RemittanceImportManager.*]* --exclude [*]InvestorsTitle.Applications.RemittanceImportManager.Data.DataSets.*    " />
    <Exec Command="regsvr32.exe -u -s &quot;$(MSBuildExtensionsPath)\PartCover\PartCover.CorDriver.dll&quot;" />
  </Target>
  <!-- -->
  <!-- -->
  <Target Name="DependencyRetrieveTarget">
    <MSBuild Projects=".\ivydependencyretriever.ivy.msbuild" Properties="Configuration=$(Configuration);IvySettingsFileParameter=$(WorkingCheckout)\solutiondependencies.ivy.xml;WorkingCheckout=$(WorkingCheckout)" Targets="AllTargetsWrapper" />
  </Target>  
  <!-- -->
  <!-- -->
  <!-- -->
  <!-- -->
  <!-- -->
  <Target Name="AllTargetsWrapper">
    <CallTarget Targets="CreateCustomArtifactDirectoryWithRevisionPropertyTarget" />
    <CallTarget Targets="ShowReservedProperties" />
    <CallTarget Targets="ShowOtherProperties" />
    <CallTarget Targets="Clean" />
    <!--
	    <CallTarget Targets="CheckoutFramework" />
    -->

    
    <CallTarget Targets="Checkout" />
    <CallTarget Targets="DependencyRetrieveTarget" />
    <CallTarget Targets="SubversionInfo" />
    <CallTarget Targets="SubVersionBeforeBuildVersionTagItUp" />
    <!--
                          <CallTarget Targets="SourceMonitorItUp" />
    
    -->
    <CallTarget Targets="Build" />

    

    <CallTarget Targets="WhereAmI" />
    <!--
    <CallTarget Targets="CustomTaskConcatenate_DB_Files" />
    <CallTarget Targets="Create_Database_With_MasterFile_Target" />

    <CallTarget Targets="CustomTaskConcatenate_DDL_Files" />
    <CallTarget Targets="Create_Table_With_MasterFile_Target" />

    <CallTarget Targets="CustomTaskConcatenate_USP_UDF_TRG_Files" />
    <CallTarget Targets="Create_USP_UDF_TRG_With_MasterFile_Target" />
  -->
    <!--
	<CallTarget Targets="DDLBatConcat_Target" />
	-->
    <CallTarget Targets="ExternalSqlDeploymentWrapper" />
    <!--    	NUnitItUp  -->
    <CallTarget Targets="NUnitItUpOldSchool" />
    <!-- This was working, but regsvr32 issue with _build
		<CallTarget Targets="PartCoverItUp" />
	-->
    <CallTarget Targets="NCoverCoverageItUp" />
    <CallTarget Targets="CreateCoverageReportViaTransform" />
    <CallTarget Targets="VersionItUp" />
    <CallTarget Targets="Clean" />
    <CallTarget Targets="WhereAmIPreZipItUp" />
    <CallTarget Targets="ZipItUp" />
    <CallTarget Targets="ZipItUpSSRS" />    
    
    <CallTarget Targets="ShowOtherProperties" />
    <CallTarget Targets="WhereAmIPreCabItUp" />
    <!--
        <CallTarget Targets="CabItUp" />
    -->
    
    <!-- 
    <CallTarget Targets="FxCopItUp" />
    <CallTarget Targets="StyleCopItUp" />
    -->
    
    <!--
    no xsl config updates in this one
            <CallTarget Targets="ConfigItUp" />
-->
    <CallTarget Targets="FunWithFilesItUp" />



    <!-- 
    <CallTarget Targets="GendarmeItUp" />
-->
    
    
    <CallTarget Targets="WriteOutArtifactDataTarget" />
  </Target>


  <!--  -->
  <!--  -->


  <Target Name="WriteOutArtifactDataTarget">


    <ItemGroup>
      <ArtifactFilesExcludeFiles Include="$(CustomArtifactDirectoryWithRevision)\**\*.sql" />
      <ArtifactFilesExcludeFiles Include="$(CustomArtifactDirectoryWithRevision)\**\*.bat" />
    </ItemGroup>
    <ItemGroup>
      <ArtifactFilesIncludeFiles Include="$(CustomArtifactDirectoryWithRevision)\**\*.*" Exclude="@(ArtifactFilesExcludeFiles)"></ArtifactFilesIncludeFiles>
    </ItemGroup>

    <BuildResultsSummaryTask ArtifactFileList="@(ArtifactFilesIncludeFiles)" ProjectAbbreviation="$(ProjectAbbreviation)" PermanentArtifactsPhysicalBaseFolder="$(CustomArtifactDirectoryWithRevision)" DestinationFullFileName="$(CustomArtifactDirectoryWithMostRecentBuildResults)\BuildResultsSummaryTaskOutput_RESULTS.xml" PermanentArtifactsBaseURL="$(ContinuousIntegrationArtifactsBaseURL)" PermanentArtifactsRevisionFolder="$(RevisionFolderPrefix)$(SubVersionRevision)">
    </BuildResultsSummaryTask>


  </Target>

  <!--  --> 
  <!--  -->
  <Target Name="ExternalSqlDeploymentWrapper">
    <Message Text="    " />
    <Message Text="    " />
    <Message Text="    " />
    <Message Text="    " />
    <!--  -->
    <ItemGroup>
      <CIEnvironmentBaseFolderItemGroupForParameterPassing Include="$(CIEnvironmentBaseFolder)" />
    </ItemGroup>
    <CreateProperty Value="%(CIEnvironmentBaseFolderItemGroupForParameterPassing.fullpath)">
      <!-- Use the .fullpath value to get the full path to push it into the xsl(document function)  -->
      <Output TaskParameter="Value" PropertyName="CIEnvironmentBaseFolderFullPath" />
    </CreateProperty>
    <Message Text=" CIEnvironmentBaseFolderFullPath = $(CIEnvironmentBaseFolderFullPath)" />
    <!--  -->
    <!--  -->
    <ItemGroup>
      <WorkingCheckoutItemGroupForParameterPassing Include="$(WorkingCheckout)" />
    </ItemGroup>
    <CreateProperty Value="%(WorkingCheckoutItemGroupForParameterPassing.fullpath)">
      <!-- Use the .fullpath value to get the full path to push it into the xsl(document function)  -->
      <Output TaskParameter="Value" PropertyName="WorkingCheckoutFullPath" />
    </CreateProperty>
    <Message Text=" WorkingCheckoutFullPath = $(WorkingCheckoutFullPath)" />
    <!--  -->
    <!--  -->
    <ItemGroup>
      <CIHelpersBaseFolderItemGroupForParameterPassing Include="$(CIHelpersBaseFolder)" />
    </ItemGroup>
    <CreateProperty Value="%(CIHelpersBaseFolderItemGroupForParameterPassing.fullpath)">
      <!-- Use the .fullpath value to get the full path to push it into the xsl(document function)  -->
      <Output TaskParameter="Value" PropertyName="CIHelpersBaseFolderFullPath" />
    </CreateProperty>
    <Message Text=" CIHelpersBaseFolderFullPath = $(CIHelpersBaseFolderFullPath)" />
    <!--  -->
    <!--  -->
    <ItemGroup>
      <CustomArtifactDirectoryWithRevisionItemGroupForParameterPassing Include="$(CustomArtifactDirectoryWithRevision)" />
    </ItemGroup>
    <CreateProperty Value="%(CustomArtifactDirectoryWithRevisionItemGroupForParameterPassing.fullpath)">
      <!-- Use the .fullpath value to get the full path to push it into the xsl(document function)  -->
      <Output TaskParameter="Value" PropertyName="CustomArtifactDirectoryWithRevisionFullPath" />
    </CreateProperty>
    <Message Text=" CustomArtifactDirectoryWithRevisionFullPath = $(CustomArtifactDirectoryWithRevisionFullPath)" />
    <!--  -->
    <!--  -->
    <!--  -->
    <ItemGroup>
      <SqlScriptsSourceRootFolderItemGroupForParameterPassing Include="$(WorkingCheckoutFullPath)\SqlScripts" />
    </ItemGroup>
    <CreateProperty Value="%(SqlScriptsSourceRootFolderItemGroupForParameterPassing.fullpath)">
      <!-- Use the .fullpath value to get the full path to push it into the xsl(document function)  -->
      <Output TaskParameter="Value" PropertyName="SqlScriptsSourceRootFolderFullPath" />
    </CreateProperty>
    <Message Text=" SqlScriptsSourceRootFolderFullPath = $(SqlScriptsSourceRootFolderFullPath)" />
    <!--  -->
    <!--  -->
    <ItemGroup>
      <SqlScriptsDeploymentDefinitionsRootFolderItemGroupForParameterPassing Include="$(WorkingCheckout)\SqlScripts\DeploymentDefinitions" />
    </ItemGroup>
    <CreateProperty Value="%(SqlScriptsDeploymentDefinitionsRootFolderItemGroupForParameterPassing.fullpath)">
      <!-- Use the .fullpath value to get the full path to push it into the xsl(document function)  -->
      <Output TaskParameter="Value" PropertyName="SqlScriptsDeploymentDefinitionsRootFolderFullPath" />
    </CreateProperty>
    <Message Text=" SqlScriptsDeploymentDefinitionsRootFolderFullPath = $(SqlScriptsDeploymentDefinitionsRootFolderFullPath)" />
    <!--  -->
    <Message Text="    " />
    <Message Text="    " />
    <Message Text="    " />
    <Message Text="    " />
    <MSBuild Projects="$(CIHelpersBaseFolder)\MSBuildCommonLogic\SqlDeploymentCommon.xml" Targets="AllSqlDeploymentTargetsWrapper" Properties="Configuration=$(Configuration);CIHelpersBaseFolder=$(CIHelpersBaseFolderFullPath);CIEnvironmentBaseFolder=$(CIEnvironmentBaseFolderFullPath);CustomArtifactDirectoryWithRevision=$(CustomArtifactDirectoryWithRevisionFullPath);SqlScriptsSourceRootFolder=$(SqlScriptsSourceRootFolderFullPath);SqlScriptsDeploymentDefinitionsRootFolder=$(SqlScriptsDeploymentDefinitionsRootFolderFullPath);WorkingCheckout=$(WorkingCheckoutFullPath);RevisionNumber=$(SubVersionRevision)" />
  </Target>
</Project>