﻿<ivy-module version="2.0">

  <info organisation="InvestorsTitle" module="RemittanceImportManager"/>

  <configurations>

    <!--
		<conf name="default" />
		<conf name="MyCustomConfiguration1" extends="default" />
		-->

    <conf name="EnterpriseLibraryCustomConfiguration" />
    <conf name="NUnitCustomConfiguration" />
    <conf name="FrameworkCrossDomainORMCustomConfiguration" />
    <conf name="FrameworkCrossDomainLinqCustomConfiguration" />
    <conf name="FrameworkCrossDomainGuidCustomConfiguration" />
    <conf name="FrameworkCrossDomainServiceBrokerCustomConfiguration" />
    <conf name="FrameworkCrossDomainDataCustomConfiguration" />
    <conf name="FrameworkCrossDomainNetCustomConfiguration" />
    <conf name="SSRSMSBuildTasksCustomConfiguration" />

    

  </configurations>

  <dependencies>
    <!--
		<dependency org="MyCompany" name="Languages" rev="1.0+" conf="MyCustomConfiguration1->default"/>
		-->

    <dependency org="Microsoft" name="EnterpriseLibrary" rev="4.1.0+" conf="EnterpriseLibraryCustomConfiguration"/>
    <dependency org="NUnit" name="NUnit" rev="2.5.2+" conf="NUnitCustomConfiguration"/>
    <dependency org="InvestorsTitle" name="FrameworkCrossDomainORM" rev="1.0.0+" conf="FrameworkCrossDomainORMCustomConfiguration"/>
    <dependency org="InvestorsTitle" name="FrameworkCrossDomainLinq" rev="1.0.0+" conf="FrameworkCrossDomainLinqCustomConfiguration"/>
    <dependency org="InvestorsTitle" name="FrameworkCrossDomainGuid" rev="1.0.0+" conf="FrameworkCrossDomainGuidCustomConfiguration"/>
    <dependency org="InvestorsTitle" name="FrameworkCrossDomainNet" rev="1.0.0+" conf="FrameworkCrossDomainNetCustomConfiguration"/>



    <dependency org="InvestorsTitle" name="FrameworkCrossDomainGuid" rev="1.0.0+" conf="FrameworkCrossDomainGuidCustomConfiguration"/>


    <dependency org="InvestorsTitle" name="FrameworkCrossDomainServiceBroker" rev="1.0.0+" conf="FrameworkCrossDomainServiceBrokerCustomConfiguration"/>

    <dependency org="InvestorsTitle" name="FrameworkCrossDomainData" rev="1.0.0+" conf="FrameworkCrossDomainDataCustomConfiguration"/>

    <dependency org="Codeplex" name="SSRSMSBuildTasks" rev="1.0.0+" conf="SSRSMSBuildTasksCustomConfiguration"/>



  </dependencies>

</ivy-module>



