<ChaseRequest dtGenerated="Tuesday, September 30, 2014 10:36:48 AM">
  <Vendor id="DEDE7D6A-0AEA-409D-925B-AD5F5C7CFF60" />
  <Request id="5B1DAC1F-96BF-4AB0-B192-F7A9FBEF81DB" />
  <Chases>
    <Chase id="2">
      <PracticeId>10101</PracticeId>
      <PatientData>
        <PatientId />
        <FirstName>S</FirstName>
        <LastName>Allscripts</LastName>
        <Gender>Female</Gender>
        <Zip>27604</Zip>
        <DOB>
          04/25/1962
        </DOB>
      </PatientData>
      <DateOfServiceRange>
        <StartDate>
          01/01/2012
        </StartDate>
        <EndDate>
          12/31/2014
        </EndDate>
      </DateOfServiceRange>
    </Chase>
    <Chase id="3">
      <PracticeId>10101</PracticeId>
      <PatientData>
        <PatientId />
        <FirstName>Denny</FirstName>
        <LastName><![CDATA[La<ine]]></LastName>
        <Gender>Male</Gender>
        <Zip>27604</Zip>
        <DOB>  10/29/1944  </DOB>
      </PatientData>
      <DateOfServiceRange>
        <StartDate>   01/01/2012   </StartDate>
        <EndDate> 12/31/2014 </EndDate>
      </DateOfServiceRange>
    </Chase>
    <Chase id="4">
      <PracticeId>10101</PracticeId>
      <PatientData>
        <FirstName><![CDATA[Ma>ry]]></FirstName>
        <LastName>Blige</LastName>
        <Gender>Female</Gender>
        <Zip>27603-1234</Zip>
        <DOB>01/11/1895</DOB>
      </PatientData>
      <DateOfServiceRange>
        <StartDate>
          01/01/2012
        </StartDate>
        <EndDate>12/31/2014</EndDate>
      </DateOfServiceRange>
    </Chase>
    <Chase id="5">
      <PracticeId>10101</PracticeId>
      <PatientData>
        <PatientId />
        <FirstName>Patient One</FirstName>
        <LastName><![CDATA[Vi&tals]]></LastName>
        <Gender>Female</Gender>
        <Zip>27615</Zip>
        <DOB>01/01/1981</DOB>
      </PatientData>
      <DateOfServiceRange>
        <StartDate>01/01/2012</StartDate>
        <EndDate>12/31/2014</EndDate>
      </DateOfServiceRange>
    </Chase>
    <Chase id="6">
      <PracticeId>10101</PracticeId>
      <PatientData>
        <PatientId />
        <FirstName>Patient Two</FirstName>
        <LastName>Immunization</LastName>
        <Gender>Male</Gender>
        <Zip>  27615  </Zip>
        <DOB>02/02/1992</DOB>
      </PatientData>
      <DateOfServiceRange>
        <StartDate>01/01/2012</StartDate>
        <EndDate>12/31/2014</EndDate>
      </DateOfServiceRange>
    </Chase>
    <Chase id="7">
      <PracticeId>10101</PracticeId>
      <PatientData>
        <PatientId />
        <FirstName>Patient One</FirstName>
        <LastName>Demographics</LastName>
        <Gender>Male</Gender>
        <Zip>
          27615
        </Zip>
        <DOB>01/10/1990</DOB>
      </PatientData>
      <DateOfServiceRange>
        <StartDate>01/01/2012</StartDate>
        <EndDate>
          12/31/2014
        </EndDate>
      </DateOfServiceRange>
    </Chase>
    <Chase id="8">
      <PracticeId>10101</PracticeId>
      <PatientData>
        <PatientId />
        <FirstName>Patient Three</FirstName>
        <LastName>Procedure</LastName>
        <Gender>Female</Gender>
        <Zip>27615</Zip>
        <DOB>03/01/1980</DOB>
      </PatientData>
      <DateOfServiceRange>
        <StartDate>01/01/2012</StartDate>
        <EndDate>12/31/2014</EndDate>
      </DateOfServiceRange>
    </Chase>
    <Chase id="9">
      <PracticeId>10101</PracticeId>
      <PatientData>
        <PatientId>   #@!123% *$abc^   </PatientId>
        <FirstName>  Patient One   </FirstName>
        <LastName>        Addendum       </LastName>
        <Gender>      Female  </Gender>
        <Zip>  27615    </Zip>
        <DOB>01/01/1991</DOB>
      </PatientData>
      <DateOfServiceRange>
        <StartDate>01/01/2012</StartDate>
        <EndDate>12/31/2014</EndDate>
      </DateOfServiceRange>
    </Chase>
    <Chase id="10">
      <PracticeId>10101</PracticeId>
      <PatientData>
        <PatientId />
        <FirstName>Patient Two </FirstName>
        <LastName>Addendum</LastName>
        <Gender>Male</Gender>
        <Zip>276159890</Zip>
        <DOB>
          01/02/1991
        </DOB>
      </PatientData>
      <DateOfServiceRange>
        <StartDate>01/01/2012</StartDate>
        <EndDate>12/31/2014</EndDate>
      </DateOfServiceRange>
    </Chase>
    <Chase id="11">
      <PracticeId>10101</PracticeId>
      <PatientData>
        <PatientId />
        <FirstName>  </FirstName>
        <LastName>Addendum</LastName>
        <Gender>Female</Gender>
        <Zip>615</Zip>
        <DOB>01/03/1991</DOB>
      </PatientData>
      <DateOfServiceRange>
        <StartDate>01/01/2012</StartDate>
        <EndDate>12/31/2014</EndDate>
      </DateOfServiceRange>
    </Chase>
    <Chase id="12">
      <PracticeId>10101</PracticeId>
      <PatientData>
        <PatientId>
          123 abc
        </PatientId>
          <FirstName>
          Wyle E.
        </FirstName>
        <LastName>Addendum</LastName>
        <Gender>
          Female
        </Gender>
        <Zip>27615</Zip>
        <DOB>01/03/1991</DOB>
      </PatientData>
      <DateOfServiceRange>
        <StartDate>01/01/2012</StartDate>
        <EndDate>12/31/2014</EndDate>
      </DateOfServiceRange>
    </Chase>
    <Chase id="13">
      <PracticeId>10101</PracticeId>
      <AccountId>12345</AccountId>
      <PatientData>
        <PatientId>66650</PatientId>
        <FirstName>  
          
          Wyle E. 
        </FirstName>
        <LastName>
          Coyote</LastName>
        <Gender>Female</Gender>
        <Zip>27615</Zip>
        <DOB>01/03/1991</DOB>
      </PatientData>
      <DateOfServiceRange>
        <StartDate>01/01/2012</StartDate>
        <EndDate>12/31/2014</EndDate>
      </DateOfServiceRange>
    </Chase>
    <Chase id="14">
      <PracticeId>10101</PracticeId>
      <AccountId></AccountId>
      <PatientData>
        <PatientId />
          <FirstName> Wyle E. </FirstName>
        <LastName>
        Coyote
      </LastName>
        <Gender>Female</Gender>
        <Zip>27615</Zip>
        <DOB>01/03/1991</DOB>
      </PatientData>
      <DateOfServiceRange>
        <StartDate>01/01/2012</StartDate>
        <EndDate>12/31/2014</EndDate>
      </DateOfServiceRange>
    </Chase>
  </Chases>
</ChaseRequest>